Activity Type,Date,Favorite,Title,Distance,Calories,Time,Avg HR,Max HR,Aerobic TE,Avg Run Cadence,Max Run Cadence,Avg Pace,Best Pace,Total Ascent,Total Descent,Avg Stride Length,Avg Vertical Ratio,Avg Vertical Oscillation,Avg Ground Contact Time,Training Stress ScoreÂ®,Avg Power,Max Power,Grit,Flow,Avg. Swolf,Avg Stroke Rate,Total Reps,Dive Time,Min Temp,Surface Interval,Decompression,Best Lap Time,Number of Laps,Max Temp,Moving Time,Elapsed Time,Min Elevation,Max Elevation
Running,2023-12-11 05:12:02,false,"Quan Thanh Khe - 4 miles","5.33","316","00:54:48","127","150","2.5","94","248","10:17","7:23","3","8","1.41","0.0","0.0","0","0.0","0","0","0.0","0.0","0","0","0","0:00","29.0","0:00","No","03:33.69","7","31.0","00:53:57","00:54:48","-158","-151"
Cycling,2023-12-03 14:31:26,false,"Quan Thanh Khe Cycling","32.24","602","01:37:32","135","155","2.8","--","--","19.8","27.3","61","69","0.00","0.0","0.0","0","0.0","0","0","0.0","0.0","0","0","0","0:00","29.0","0:00","No","07:28.88","7","31.0","01:36:57","01:44:14","-124","-114"
Yoga,2023-11-28 06:10:46,false,"Yoga","0.00","66","00:16:11","104","150","0.5","--","--","0.0","--","--","--","0.00","0.0","0.0","0","0.0","0","0","0.0","0.0","0","0","0","0:00","29.0","0:00","No","16:10.76","1","30.0","00:00:00","00:16:11","--","--"
Running,2023-11-28 05:13:45,false,"Quan Thanh Khe - Easy Run","5.14","314","00:45:00","142","158","3.2","155","180","8:46","6:54","2","7","0.78","0.0","0.0","0","0.0","0","0","0.0","0.0","0","0","0","0:00","25.0","0:00","No","03:42.87","7","29.0","00:44:29","00:45:00","-71","-63"
Yoga,2023-11-26 17:40:48,false,"Yoga","0.00","106","00:16:50","126","139","2.0","--","--","--","--","--","--","0.00","0.0","0.0","0","0.0","0","0","0.0","0.0","0","0","0","0:00","30.0","0:00","No","16:50.16","1","32.0","00:00:00","00:16:50","--","--"
Running,2023-11-26 16:16:00,false,"Quan Thanh Khe - Easy Long Run","9.16","591","01:23:27","163","183","4.4","153","238","9:07","7:07","7","14","0.74","0.0","0.0","0","0.0","0","0","0.0","0.0","0","0","0","0:00","28.0","0:00","No","02:51.61","11","31.0","01:21:49","01:23:27","-54","-50"
Yoga,2023-11-22 06:09:15,false,"Yoga","0.00","69","00:14:29","110","123","0.7","--","--","0.0","--","--","--","0.00","0.0","0.0","0","0.0","0","0","0.0","0.0","0","0","0","0:00","28.0","0:00","No","14:29.37","1","31.0","00:00:00","00:14:29","--","--"
Running,2023-11-22 05:11:40,false,"Quan Thanh Khe - Progression Run","5.85","358","00:50:00","148","172","3.6","163","186","8:33","6:33","2","11","0.73","0.0","0.0","0","0.0","0","0","0.0","0.0","0","0","0","0:00","26.0","0:00","No","02:30.66","8","30.0","00:49:46","00:50:00","-47","-36"
Yoga,2023-11-21 06:03:34,false,"Yoga","0.00","70","00:15:06","109","127","0.8","--","--","0.0","--","--","--","0.00","0.0","0.0","0","0.0","0","0","0.0","0.0","0","0","0","0:00","28.0","0:00","No","15:05.99","1","30.0","00:00:00","00:15:06","--","--"
Running,2023-11-21 05:12:40,false,"Quan Thanh Khe - Easy Run","5.07","306","00:45:00","147","165","3.2","154","180","8:53","7:30","2","11","0.78","0.0","0.0","0","0.0","0","0","0.0","0.0","0","0","0","0:00","25.0","0:00","No","03:27.38","7","29.0","00:44:59","00:45:00","-35","-24"
Yoga,2023-11-19 16:05:37,false,"Yoga","0.00","86","00:16:18","116","140","1.4","--","--","--","--","--","--","0.00","0.0","0.0","0","0.0","0","0","0.0","0.0","0","0","0","0:00","30.0","0:00","No","16:17.73","1","31.0","00:00:00","00:16:18","--","--"
Running,2023-11-19 14:57:42,false,"Quan Thanh Khe - Goal Pace Repeat","5.93","391","00:52:30","159","179","4.6","157","186","8:51","6:15","4","5","0.73","0.0","0.0","0","0.0","0","0","0.0","0.0","0","0","0","0:00","27.0","0:00","No","00:30.00","20","30.0","00:52:17","00:52:30","-10","-6"
Yoga,2023-11-18 06:15:20,false,"Yoga","0.00","111","00:26:42","105","141","1.1","--","--","0.0","--","--","--","0.00","0.0","0.0","0","0.0","0","0","0.0","0.0","0","0","0","0:00","26.0","0:00","No","26:41.51","1","28.0","00:00:00","00:26:42","--","--"
Running,2023-11-18 05:27:54,false,"Quan Thanh Khe - Easy Run","5.01","306","00:45:00","150","173","3.4","151","182","8:59","7:30","1","9","0.83","0.0","0.0","0","0.0","0","0","0.0","0.0","0","0","0","0:00","25.0","0:00","No","03:19.89","7","29.0","00:44:17","00:45:00","-71","-62"
Yoga,2023-11-12 06:16:59,false,"Yoga","0.00","79","00:15:13","114","130","1.2","--","--","0.0","--","--","--","0.00","0.0","0.0","0","0.0","0","0","0.0","0.0","0","0","0","0:00","31.0","0:00","No","15:12.86","1","33.0","00:00:00","00:15:13","--","--"
Running,2023-11-12 05:22:19,false,"Quan Thanh Khe - Long Easy Run","5.60","346","00:50:02","149","170","3.5","156","181","8:56","7:30","2","9","0.76","0.0","0.0","0","0.0","0","0","0.0","0.0","0","0","0","0:00","28.0","0:00","No","01:28.82","8","31.0","00:49:46","00:50:02","14","24"
Yoga,2023-11-11 06:13:25,false,"Yoga","0.00","58","00:14:40","101","115","0.5","--","--","--","--","--","--","0.00","0.0","0.0","0","0.0","0","0","0.0","0.0","0","0","0","0:00","31.0","0:00","No","14:40.07","1","32.0","00:00:00","00:14:40","--","--"
Running,2023-11-11 05:29:29,false,"Quan Hai Chau - Stride Repeats","3.04","178","00:28:42","140","163","3.0","138","241","9:26","7:05","--","7","0.84","0.0","0.0","0","0.0","0","0","0.0","0.0","0","0","0","0:00","29.0","0:00","No","00:01.85","20","30.0","00:28:37","00:28:42","27","34"
Running,2023-11-09 05:24:24,false,"Quan Thanh Khe - Benchmark Run","1.11","71","00:09:00","143","164","2.7","145","182","8:08","6:01","--","2","1.00","0.0","0.0","0","0.0","0","0","0.0","0.0","0","0","0","0:00","28.0","0:00","No","02:00.00","3","29.0","00:08:54","00:09:00","-69","-44"
Running,2023-10-29 16:34:07,false,"Quan Thanh Khe Running","8.02","503","01:24:53","142","178","3.4","122","239","10:35","7:36","--","14","0.93","0.0","0.0","0","0.0","0","0","0.0","0.0","0","0","0","0:00","30.0","0:00","No","00:21.46","9","32.0","01:24:31","01:24:53","-28","-20"
Yoga,2023-10-29 06:17:08,false,"Yoga","0.00","68","00:17:51","101","119","0.6","--","--","--","--","--","--","0.00","0.0","0.0","0","0.0","0","0","0.0","0.0","0","0","0","0:00","31.0","0:00","No","17:50.85","1","32.0","00:00:00","00:17:51","--","--"
Running,2023-10-29 05:12:38,false,"Quan Thanh Khe Running","5.50","321","01:01:09","124","161","2.6","102","180","11:07","7:56","2","9","1.12","0.0","0.0","0","0.0","0","0","0.0","0.0","0","0","0","0:00","29.0","0:00","No","06:47.52","6","31.0","01:00:52","01:01:09","-17","-7"
Running,2023-10-28 05:06:54,false,"Quan Thanh Khe Running","5.38","311","00:58:42","114","151","2.6","66","180","10:55","6:20","1","11","1.62","0.0","0.0","0","0.0","0","0","0.0","0.0","0","0","0","0:00","29.0","0:00","No","05:03.87","6","31.0","00:58:27","00:58:42","-10","1"
Yoga,2023-10-25 06:15:24,false,"Yoga","0.00","64","00:13:39","110","131","0.8","--","--","--","--","--","--","0.00","0.0","0.0","0","0.0","0","0","0.0","0.0","0","0","0","0:00","31.0","0:00","No","13:38.64","1","32.0","00:00:00","00:13:39","--","--"
Running,2023-10-25 05:15:48,false,"Quan Thanh Khe Running","5.36","310","00:57:18","134","149","2.0","150","176","10:42","8:23","2","8","0.68","0.0","0.0","0","0.0","0","0","0.0","0.0","0","0","0","0:00","29.0","0:00","No","04:59.08","6","31.0","00:57:15","00:57:18","-114","-106"
Running,2023-10-22 16:37:53,false,"Quan Thanh Khe Running","7.16","438","01:16:01","141","167","3.2","139","180","10:37","7:02","3","3","0.73","0.0","0.0","0","0.0","0","0","0.0","0.0","0","0","0","0:00","31.0","0:00","No","02:38.93","8","33.0","01:15:13","01:16:01","-85","-80"
Running,2023-10-22 05:05:59,false,"Quan Thanh Khe Running","5.45","314","00:58:07","122","146","2.4","126","182","10:40","7:52","1","9","0.82","0.0","0.0","0","0.0","0","0","0.0","0.0","0","0","0","0:00","27.0","0:00","No","05:54.19","6","30.0","00:57:51","00:58:07","-82","-72"
Running,2023-10-21 17:22:49,false,"Quan Thanh Khe Running","6.17","359","01:08:07","124","157","2.5","126","248","11:03","7:07","2","10","0.80","0.0","0.0","0","0.0","0","0","0.0","0.0","0","0","0","0:00","29.0","0:00","No","02:53.72","7","31.0","01:07:07","01:08:07","-73","-67"
Running,2023-10-18 18:48:43,false,"Quan Thanh Khe Running","5.87","338","01:06:56","118","146","2.3","116","240","11:25","8:21","3","15","0.89","0.0","0.0","0","0.0","0","0","0.0","0.0","0","0","0","0:00","29.0","0:00","No","09:39.26","6","31.0","01:05:26","01:06:56","-41","-36"
Running,2023-10-17 18:49:21,false,"Quan Thanh Khe Running","4.37","233","00:53:47","100","131","1.4","66","249","12:17","6:37","3","10","1.26","0.0","0.0","0","0.0","0","0","0.0","0.0","0","0","0","0:00","27.0","0:00","No","05:02.32","5","30.0","00:53:41","00:53:47","-30","-20"
Running,2023-10-16 17:23:35,false,"Quan Thanh Khe Running","6.39","393","01:03:08","134","176","3.7","126","184","9:53","6:54","4","8","1.02","0.0","0.0","0","0.0","0","0","0.0","0.0","0","0","0","0:00","28.0","0:00","No","05:36.45","7","31.0","01:02:53","01:03:08","-2","2"
Running,2023-10-15 11:52:42,false,"Quan Thanh Khe Running","5.13","285","01:01:37","75","106","1.5","81","140","12:01","9:45","8","10","1.04","0.0","0.0","0","0.0","0","0","0.0","0.0","0","0","0","0:00","26.0","0:00","No","01:34.19","6","31.0","01:01:18","01:01:37","-33","-26"
Running,2023-10-14 19:19:48,false,"Running","4.25","216","00:41:41","118","139","2.1","134","183","9:49","8:56","2","10","0.86","0.0","0.0","0","0.0","0","0","0.0","0.0","0","0","0","0:00","30.0","0:00","No","02:52.74","5","31.0","00:41:39","00:41:41","-31","-22"
Running,2023-10-12 18:33:33,false,"Quan Thanh Khe Running","4.12","227","00:50:15","106","128","1.4","112","235","12:12","9:39","1","6","0.73","0.0","0.0","0","0.0","0","0","0.0","0.0","0","0","0","0:00","28.0","0:00","No","01:35.28","5","31.0","00:50:04","00:50:15","-4","1"
Running,2023-10-11 18:36:38,false,"Quan Thanh Khe Running","5.22","289","01:00:02","108","127","1.9","77","178","11:30","6:23","2","11","1.38","0.0","0.0","0","0.0","0","0","0.0","0.0","0","0","0","0:00","30.0","0:00","No","02:52.82","6","31.0","01:00:00","01:00:02","-10","--"
Yoga,2023-10-10 06:24:57,false,"Yoga","0.00","87","00:16:14","115","126","1.5","--","--","--","--","--","--","0.00","0.0","0.0","0","0.0","0","0","0.0","0.0","0","0","0","0:00","30.0","0:00","No","16:14.28","1","32.0","00:00:00","00:16:14","--","--"
Running,2023-10-10 05:00:57,false,"Morning Run","8.06","670","01:12:00","0","0","--","--","--","8:56","--","--","--","0.00","0.0","0.0","0","0.0","0","0","0.0","0.0","0","0","0","0:00","0.0","0:00","No","00:00.00","1","0.0","00:00:00","00:00:00","--","--"
Yoga,2023-10-08 06:48:49,false,"Yoga","0.00","73","00:15:19","109","124","1.0","--","--","--","--","--","--","0.00","0.0","0.0","0","0.0","0","0","0.0","0.0","0","0","0","0:00","31.0","0:00","No","15:18.91","1","32.0","00:00:00","00:15:19","--","--"
Running,2023-10-08 04:56:44,false,"Quan Thanh Khe - MAF 14 Km FF 1 K","10.52","646","01:51:48","137","154","2.6","122","208","10:37","6:17","4","13","0.85","0.0","0.0","0","0.0","0","0","0.0","0.0","0","0","0","0:00","29.0","0:00","No","00:02.70","14","31.0","01:49:12","01:51:48","-10","2"
Yoga,2023-10-07 06:15:19,false,"Yoga","0.00","83","00:16:51","112","125","1.0","--","--","--","--","--","--","0.00","0.0","0.0","0","0.0","0","0","0.0","0.0","0","0","0","0:00","31.0","0:00","No","16:50.65","1","32.0","00:00:00","00:16:51","--","--"
Running,2023-10-07 04:57:40,false,"Quan Thanh Khe - MAF 10 Km FF 1 K","7.73","472","01:14:28","140","157","2.8","138","183","9:38","7:09","3","11","0.93","0.0","0.0","0","0.0","0","0","0.0","0.0","0","0","0","0:00","30.0","0:00","No","00:01.62","11","31.0","01:13:54","01:14:28","-10","1"
Running,2023-10-06 18:29:32,false,"Quan Thanh Khe Running","2.69","151","00:32:05","104","129","1.1","32","246","11:55","9:12","--","7","2.79","0.0","0.0","0","0.0","0","0","0.0","0.0","0","0","0","0:00","30.0","0:00","No","08:13.34","3","32.0","00:31:51","00:32:05","-23","-15"
Yoga,2023-10-06 06:11:56,false,"Yoga","0.00","79","00:14:26","116","128","1.2","--","--","--","--","--","--","0.00","0.0","0.0","0","0.0","0","0","0.0","0.0","0","0","0","0:00","32.0","0:00","No","14:26.20","1","33.0","00:00:00","00:14:26","--","--"
Running,2023-10-06 05:12:28,false,"Quan Thanh Khe - Run MAF 5 Km","5.44","344","00:55:09","140","156","2.8","134","226","10:08","7:38","3","9","0.94","0.0","0.0","0","0.0","0","0","0.0","0.0","0","0","0","0:00","30.0","0:00","No","02:20.67","7","33.0","00:52:56","00:55:09","-6","0"
Yoga,2023-10-04 06:16:15,false,"Yoga","0.00","75","00:15:41","110","126","1.1","--","--","--","--","--","--","0.00","0.0","0.0","0","0.0","0","0","0.0","0.0","0","0","0","0:00","31.0","0:00","No","15:41.05","1","32.0","00:00:00","00:15:41","--","--"
Running,2023-10-04 05:17:17,false,"Quan Thanh Khe - 3 miles","5.37","324","00:56:32","135","149","2.4","129","215","10:31","6:15","1","9","0.81","0.0","0.0","0","0.0","0","0","0.0","0.0","0","0","0","0:00","29.0","0:00","No","03:46.57","7","31.0","00:54:56","00:56:32","-163","-153"
Running,2023-10-03 06:15:30,false,"Running","0.00","--","00:00:02.8","0","0","--","--","--","47:29","16:42","--","--","0.00","0.0","0.0","0","0.0","0","0","0.0","0.0","0","0","0","0:00","29.0","0:00","No","00:02.84","1","29.0","00:00:00","00:00:02.8","-135","-135"
Running,2023-10-03 05:19:32,false,"Quan Thanh Khe - 3 miles","5.35","326","00:55:10","138","162","2.7","115","201","10:18","6:54","2","16","1.21","0.0","0.0","0","0.0","0","0","0.0","0.0","0","0","0","0:00","28.0","0:00","No","03:27.27","7","31.0","00:53:31","00:55:10","-136","-120"
Yoga,2023-10-02 06:14:54,false,"Yoga","0.00","66","00:14:36","109","124","0.9","--","--","--","--","--","--","0.00","0.0","0.0","0","0.0","0","0","0.0","0.0","0","0","0","0:00","31.0","0:00","No","14:35.58","1","33.0","00:00:00","00:14:36","--","--"
Running,2023-10-02 05:16:12,false,"Quan Thanh Khe - 5 Miles","5.36","325","00:56:13","136","155","2.7","125","205","10:29","7:16","2","9","0.89","0.0","0.0","0","0.0","0","0","0.0","0.0","0","0","0","0:00","29.0","0:00","No","03:59.23","7","31.0","00:54:30","00:56:20","-111","-102"
Cycling,2023-09-24 08:46:32,false,"Huyen Phu Loc Cycling","4.68","100","00:19:08","117","141","1.7","--","--","14.7","22.2","8","10","0.00","0.0","0.0","0","0.0","0","0","0.0","0.0","0","0","0","0:00","30.0","0:00","No","19:08.08","1","31.0","00:18:50","00:26:35","-17","-10"
Running,2023-09-23 14:09:19,false,"Huyen Phu Loc Running","1.20","167","00:34:08","115","131","1.7","19","169","28:26","9:21","2,160","2,176","2.25","0.0","0.0","0","0.0","0","0","0.0","0.0","0","0","0","0:00","32.0","0:00","No","02:56.38","2","35.0","00:18:16","00:34:08","-358","12"
Running,2023-09-19 05:17:16,false,"Quan Thanh Khe Running","5.48","310","01:00:41","123","146","2.2","140","176","11:05","8:33","3","9","0.67","0.0","0.0","0","0.0","0","0","0.0","0.0","0","0","0","0:00","29.0","0:00","No","05:29.29","6","31.0","01:00:17","01:00:41","-5","1"
Running,2023-09-14 05:15:32,false,"Quan Thanh Khe Running","5.38","309","00:59:35","125","150","2.4","124","178","11:04","8:03","2","8","0.76","0.0","0.0","0","0.0","0","0","0.0","0.0","0","0","0","0:00","30.0","0:00","No","04:48.18","6","32.0","00:59:24","00:59:35","-8","1"
Cycling,2023-09-13 05:13:46,false,"Quan Thanh Khe Cycling","28.59","545","01:18:17","138","169","4.0","--","--","21.9","44.8","150","161","0.00","0.0","0.0","0","0.0","0","0","0.0","0.0","0","0","0","0:00","29.0","0:00","No","09:30.40","6","32.0","01:18:08","01:22:30","-21","27"
Running,2023-09-12 05:18:52,false,"Quan Thanh Khe Running","5.41","308","01:01:00","118","140","2.3","105","248","11:17","7:30","2","9","0.86","0.0","0.0","0","0.0","0","0","0.0","0.0","0","0","0","0:00","30.0","0:00","No","05:58.26","6","32.0","00:59:08","01:01:00","-7","1"
Cycling,2023-09-09 04:34:08,false,"Quan Thanh Khe Cycling","39.86","929","02:06:29","148","183","5.0","--","--","18.9","51.8","363","395","0.00","0.0","0.0","0","0.0","0","0","0.0","0.0","0","0","0","0:00","29.0","0:00","No","12:48.73","8","33.0","02:05:40","02:47:32","-3","118"
Running,2023-09-07 05:23:32,false,"Quan Thanh Khe Running","2.62","150","00:37:56","99","134","0.9","72","201","14:29","9:33","1","5","1.17","0.0","0.0","0","0.0","0","0","0.0","0.0","0","0","0","0:00","30.0","0:00","No","09:58.64","3","31.0","00:36:22","00:37:56","-4","1"
Cycling,2023-09-06 05:12:51,false,"Quan Thanh Khe Cycling","24.43","443","01:14:39","128","153","3.3","--","--","19.6","26.1","29","38","0.00","0.0","0.0","0","0.0","0","0","0.0","0.0","0","0","0","0:00","30.0","0:00","No","12:46.33","5","32.0","01:14:24","01:15:48","-9","1"
Cycling,2023-08-29 05:12:25,false,"Quan Thanh Khe Cycling","19.73","320","00:51:49","128","149","2.7","--","--","22.8","27.4","13","14","0.00","0.0","0.0","0","0.0","0","0","0.0","0.0","0","0","0","0:00","30.0","0:00","No","12:12.22","4","31.0","00:51:33","00:52:54","-2","3"
Running,2023-08-22 05:41:30,false,"Quan Thanh Khe - Run MAF 5 Km","4.49","266","00:41:47","140","152","2.9","162","178","9:19","7:25","--","6","0.67","0.0","0.0","0","0.0","0","0","0.0","0.0","0","0","0","0:00","29.0","0:00","No","00:16.62","7","33.0","00:41:44","00:41:55","-11","-7"
Running,2023-08-17 05:38:01,false,"Quan Thanh Khe Running","3.08","186","00:25:42","147","159","2.9","172","178","8:21","6:24","--","2","0.70","0.0","0.0","0","0.0","0","0","0.0","0.0","0","0","0","0:00","30.0","0:00","No","00:57.45","4","31.0","00:25:40","00:25:42","-10","-8"
Cardio,2023-08-15 05:53:13,false,"Cardio","0.00","176","00:20:40","153","173","3.5","--","--","--","--","--","--","0.00","0.0","0.0","0","0.0","0","0","0.0","0.0","0","0","0","0:00","30.0","0:00","No","20:40.25","1","31.0","00:00:00","00:20:40","-9","-9"
Running,2023-08-15 05:35:09,false,"Quan Thanh Khe Running","2.04","125","00:16:12","141","156","3.0","173","178","7:56","7:19","--","3","0.73","0.0","0.0","0","0.0","0","0","0.0","0.0","0","0","0","0:00","30.0","0:00","No","00:25.35","3","30.0","00:16:10","00:16:12","-10","-8"
Cycling,2023-08-11 05:13:41,false,"Quan Thanh Khe Cycling","20.94","290","01:01:18","118","144","2.0","--","--","20.5","26.9","7","14","0.00","0.0","0.0","0","0.0","0","0","0.0","0.0","0","0","0","0:00","30.0","0:00","No","02:50.90","5","33.0","01:01:00","01:04:14","-7","0"
Yoga,2023-08-09 06:25:39,false,"Yoga","0.00","33","00:12:15","87","120","0.2","--","--","--","--","--","--","0.00","0.0","0.0","0","0.0","0","0","0.0","0.0","0","0","0","0:00","32.0","0:00","No","12:15.44","1","32.0","00:00:00","00:12:15","--","--"
Cycling,2023-08-09 05:19:55,false,"Quan Thanh Khe Cycling","20.15","277","01:00:35","117","139","1.7","--","--","20.0","27.3","12","20","0.00","0.0","0.0","0","0.0","0","0","0.0","0.0","0","0","0","0:00","29.0","0:00","No","00:43.55","5","32.0","01:00:20","01:01:14","-44","1"
Cardio,2023-08-08 06:02:41,false,"Cardio","0.00","116","00:20:01","122","145","2.1","--","--","--","--","--","--","0.00","0.0","0.0","0","0.0","0","0","0.0","0.0","0","0","0","0:00","31.0","0:00","No","20:00.50","1","32.0","00:00:00","00:20:01","-10","-10"
Running,2023-08-08 05:40:36,false,"Quan Thanh Khe Running","1.75","99","00:20:08","111","135","1.2","67","175","11:31","6:35","--","3","1.32","0.0","0.0","0","0.0","0","0","0.0","0.0","0","0","0","0:00","31.0","0:00","No","09:28.28","2","32.0","00:20:05","00:20:08","-11","-8"
Running,2023-08-06 04:01:22,false,"Quan Son Tra Running","21.36","1,501","03:35:51","164","186","5.0","142","241","10:06","4:14","55","65","0.70","0.0","0.0","0","0.0","0","0","0.0","0.0","0","0","0","0:00","31.0","0:00","No","03:53.75","22","36.0","03:33:55","03:35:51","-16","20"
Yoga,2023-07-25 06:36:32,false,"Yoga","0.00","73","00:17:23","106","121","0.8","--","--","--","--","--","--","0.00","0.0","0.0","0","0.0","0","0","0.0","0.0","0","0","0","0:00","31.0","0:00","No","17:23.13","1","33.0","00:00:00","00:17:23","--","--"
Running,2023-07-25 05:38:45,false,"Quan Thanh Khe Running","5.02","295","00:45:37","143","155","2.8","172","178","9:06","7:07","--","6","0.64","0.0","0.0","0","0.0","0","0","0.0","0.0","0","0","0","0:00","29.0","0:00","No","00:09.86","6","32.0","00:45:37","00:45:37","-10","-7"
Yoga,2023-07-22 06:51:58,false,"Yoga","0.00","69","00:15:22","109","121","0.8","--","--","--","--","--","--","0.00","0.0","0.0","0","0.0","0","0","0.0","0.0","0","0","0","0:00","33.0","0:00","No","15:21.95","1","33.0","00:00:00","00:15:22","--","--"
Running,2023-07-22 05:36:43,false,"Quan Thanh Khe Running","4.78","283","00:46:19","143","155","2.4","171","180","9:41","7:44","--","7","0.60","0.0","0.0","0","0.0","0","0","0.0","0.0","0","0","0","0:00","31.0","0:00","No","07:58.78","5","33.0","00:46:18","00:46:19","-11","-7"
Yoga,2023-07-20 06:35:26,false,"Yoga","0.00","86","00:15:01","120","140","1.7","--","--","--","--","--","--","0.00","0.0","0.0","0","0.0","0","0","0.0","0.0","0","0","0","0:00","31.0","0:00","No","15:01.08","1","33.0","00:00:00","00:15:01","--","--"
Cardio,2023-07-20 05:55:14,false,"Cardio","0.00","157","00:18:32","149","184","3.6","--","--","--","--","--","--","0.00","0.0","0.0","0","0.0","0","0","0.0","0.0","0","0","0","0:00","30.0","0:00","No","18:32.12","1","31.0","00:00:00","00:18:32","-9","-9"
Running,2023-07-20 05:35:59,false,"Quan Thanh Khe Running","2.08","127","00:18:44","144","153","2.5","164","176","8:59","6:47","2","3","0.74","0.0","0.0","0","0.0","0","0","0.0","0.0","0","0","0","0:00","30.0","0:00","No","01:03.87","3","30.0","00:18:43","00:18:44","-10","-8"
Cycling,2023-07-19 05:13:20,false,"Quan Thanh Khe Cycling","19.77","289","00:54:17","122","138","2.2","--","--","21.9","28.1","10","19","0.00","0.0","0.0","0","0.0","0","0","0.0","0.0","0","0","0","0:00","30.0","0:00","No","12:20.80","4","32.0","00:54:08","00:55:20","-36","-26"
Yoga,2023-07-18 06:32:01,false,"Yoga","0.00","59","00:11:59","112","128","1.0","--","--","--","--","--","--","0.00","0.0","0.0","0","0.0","0","0","0.0","0.0","0","0","0","0:00","32.0","0:00","No","11:59.32","1","33.0","00:00:00","00:11:59","--","--"
Running,2023-07-18 05:34:28,false,"Quan Thanh Khe Running","5.00","296","00:49:43","143","155","2.4","161","177","9:57","6:37","--","4","0.63","0.0","0.0","0","0.0","0","0","0.0","0.0","0","0","0","0:00","31.0","0:00","No","08:45.85","5","33.0","00:49:38","00:49:43","-11","-8"
Cycling,2023-07-17 05:10:04,false,"Quan Thanh Khe Cycling","19.74","345","00:53:03","131","153","3.2","--","--","22.3","27.4","10","19","0.00","0.0","0.0","0","0.0","0","0","0.0","0.0","0","0","0","0:00","30.0","0:00","No","12:20.88","4","32.0","00:52:39","00:54:00","-38","-30"
Running,2023-07-15 05:41:22,false,"Quan Thanh Khe Running","3.10","181","00:29:31","141","149","2.2","166","180","9:31","5:48","1","5","0.69","0.0","0.0","0","0.0","0","0","0.0","0.0","0","0","0","0:00","31.0","0:00","No","01:22.89","4","32.0","00:29:30","00:29:31","-11","-8"
Yoga,2023-07-14 06:11:21,false,"Yoga","0.00","25","00:05:00.8","112","128","0.5","--","--","--","--","--","--","0.00","0.0","0.0","0","0.0","0","0","0.0","0.0","0","0","0","0:00","31.0","0:00","No","05:00.80","1","32.0","00:00:00","00:05:00.8","--","--"
Cycling,2023-07-14 05:08:07,false,"Quan Thanh Khe Cycling","19.85","330","00:55:27","127","151","2.9","--","--","21.5","27.0","18","24","0.00","0.0","0.0","0","0.0","0","0","0.0","0.0","0","0","0","0:00","30.0","0:00","No","12:41.75","4","32.0","00:54:54","00:55:50","-7","1"
Yoga,2023-07-10 05:49:31,false,"Yoga","0.00","77","00:21:16","100","131","0.5","--","--","--","--","--","--","0.00","0.0","0.0","0","0.0","0","0","0.0","0.0","0","0","0","0:00","31.0","0:00","No","21:15.64","1","32.0","00:00:00","00:21:16","--","--"
Running,2023-07-10 05:10:36,false,"Quan Thanh Khe Running","2.63","151","00:26:14","137","145","2.0","157","178","9:59","8:14","--","4","0.65","0.0","0.0","0","0.0","0","0","0.0","0.0","0","0","0","0:00","30.0","0:00","No","07:12.70","3","31.0","00:26:13","00:26:14","29","34"
Yoga,2023-07-05 05:49:59,false,"Yoga","0.00","64","00:16:43","101","131","0.4","--","--","--","--","--","--","0.00","0.0","0.0","0","0.0","0","0","0.0","0.0","0","0","0","0:00","31.0","0:00","No","16:43.30","1","33.0","00:00:00","00:16:43","--","--"
Running,2023-07-05 05:19:15,false,"Quan Thanh Khe Running","2.71","161","00:26:12","135","146","2.1","145","178","9:41","7:46","--","5","0.74","0.0","0.0","0","0.0","0","0","0.0","0.0","0","0","0","0:00","30.0","0:00","No","08:02.65","3","31.0","00:25:56","00:26:12","28","34"
Walking,2023-07-04 05:34:56,false,"Quan Thanh Khe Walking","2.71","147","00:34:14","80","103","0.8","70","151","12:38","10:31","1","3","1.20","0.0","0.0","0","0.0","0","0","0.0","0.0","0","0","0","0:00","30.0","0:00","No","08:46.24","3","32.0","00:33:40","00:34:14","-37","-32"
Yoga,2023-06-29 06:02:44,false,"Yoga","0.00","76","00:14:01","117","149","0.9","--","--","--","--","--","--","0.00","0.0","0.0","0","0.0","0","0","0.0","0.0","0","0","0","0:00","32.0","0:00","No","14:01.15","1","33.0","00:00:00","00:14:01","--","--"
Running,2023-06-29 05:12:00,false,"Quan Hai Chau Running","5.19","316","00:50:05","144","156","2.2","164","180","9:39","6:59","1","6","0.65","0.0","0.0","0","0.0","0","0","0.0","0.0","0","0","0","0:00","30.0","0:00","No","03:57.17","6","32.0","00:49:01","00:50:05","28","35"
Running,2023-06-27 05:13:33,false,"Quan Thanh Khe Running","7.35","448","01:01:57","152","166","3.0","172","184","8:26","7:07","3","13","0.71","0.0","0.0","0","0.0","0","0","0.0","0.0","0","0","0","0:00","30.0","0:00","No","04:08.55","8","31.0","01:01:54","01:01:57","21","34"
Cycling,2023-06-26 05:11:00,false,"Quan Thanh Khe Cycling","20.04","339","00:50:27","133","152","2.5","--","--","23.8","27.9","11","18","0.00","0.0","0.0","0","0.0","0","0","0.0","0.0","0","0","0","0:00","28.0","0:00","No","00:22.72","5","31.0","00:50:02","00:51:01","1","10"
Running,2023-06-23 05:13:34,false,"Quan Hai Chau Running","5.20","316","00:44:12","145","162","2.7","171","184","8:30","6:49","1","8","0.71","0.0","0.0","0","0.0","0","0","0.0","0.0","0","0","0","0:00","30.0","0:00","No","02:23.89","6","32.0","00:44:10","00:44:12","30","34"
Yoga,2023-06-21 06:22:31,false,"Yoga","0.00","66","00:14:37","107","119","0.5","--","--","--","--","--","--","0.00","0.0","0.0","0","0.0","0","0","0.0","0.0","0","0","0","0:00","32.0","0:00","No","14:37.13","1","33.0","00:00:00","00:14:37","--","--"
Running,2023-06-21 05:14:03,false,"Quan Thanh Khe Running","7.43","445","01:04:57","144","165","2.8","172","186","8:44","6:26","6","12","0.67","0.0","0.0","0","0.0","0","0","0.0","0.0","0","0","0","0:00","30.0","0:00","No","04:54.26","8","33.0","01:04:53","01:04:57","27","34"
Running,2023-06-20 05:15:56,false,"Quan Thanh Khe Running","7.45","448","01:05:09","147","172","2.8","170","184","8:45","6:02","3","13","0.68","0.0","0.0","0","0.0","0","0","0.0","0.0","0","0","0","0:00","30.0","0:00","No","04:54.99","8","33.0","01:05:08","01:05:09","23","34"
Running,2023-06-19 05:10:02,false,"Quan Hai Chau Running","5.17","325","00:41:35","149","169","3.2","174","184","8:03","6:51","--","9","0.72","0.0","0.0","0","0.0","0","0","0.0","0.0","0","0","0","0:00","30.0","0:00","No","02:12.29","6","31.0","00:41:35","00:41:35","23","34"
Yoga,2023-06-14 06:10:19,false,"Yoga","0.00","64","00:14:45","105","124","0.4","--","--","--","--","--","--","0.00","0.0","0.0","0","0.0","0","0","0.0","0.0","0","0","0","0:00","32.0","0:00","No","14:44.91","1","33.0","00:00:00","00:14:45","--","--"
Running,2023-06-14 05:18:58,false,"Quan Hai Chau Running","5.18","315","00:45:07","147","161","2.5","173","186","8:42","6:59","2","9","0.68","0.0","0.0","0","0.0","0","0","0.0","0.0","0","0","0","0:00","32.0","0:00","No","02:20.07","6","33.0","00:44:58","00:45:07","25","34"
Yoga,2023-06-13 06:05:21,false,"Yoga","0.00","73","00:13:42","114","132","0.7","--","--","--","--","--","--","0.00","0.0","0.0","0","0.0","0","0","0.0","0.0","0","0","0","0:00","32.0","0:00","No","13:41.54","1","33.0","00:00:00","00:13:42","--","--"
Running,2023-06-13 05:00:02,false,"Quan Thanh Khe Running","7.34","445","01:04:54","145","168","2.7","173","186","8:51","6:46","2","9","0.66","0.0","0.0","0","0.0","0","0","0.0","0.0","0","0","0","0:00","31.0","0:00","No","03:27.56","8","32.0","01:04:52","01:04:54","25","35"
Cycling,2023-06-12 05:12:06,false,"Quan Thanh Khe Cycling","20.19","352","00:50:40","133","147","2.6","--","--","23.9","29.0","13","19","0.00","0.0","0.0","0","0.0","0","0","0.0","0.0","0","0","0","0:00","29.0","0:00","No","00:40.58","5","32.0","00:50:34","00:50:40","-7","1"
Yoga,2023-06-08 06:22:54,false,"Yoga","0.00","78","00:14:50","114","138","0.8","--","--","--","--","--","--","0.00","0.0","0.0","0","0.0","0","0","0.0","0.0","0","0","0","0:00","31.0","0:00","No","14:50.27","1","32.0","00:00:00","00:14:50","--","--"
Running,2023-06-08 05:14:08,false,"Quan Hai Chau Running","7.46","458","01:03:46","146","173","3.0","171","188","8:33","6:16","4","16","0.69","0.0","0.0","0","0.0","0","0","0.0","0.0","0","0","0","0:00","29.0","0:00","No","05:09.93","8","31.0","01:03:45","01:03:46","23","34"
Yoga,2023-06-06 06:09:37,false,"Yoga","0.00","94","00:16:12","119","137","1.2","--","--","--","--","--","--","0.00","0.0","0.0","0","0.0","0","0","0.0","0.0","0","0","0","0:00","31.0","0:00","No","16:12.03","1","33.0","00:00:00","00:16:12","--","--"
Running,2023-06-06 05:02:45,false,"Quan Hai Chau Running","7.46","453","01:04:52","146","174","2.9","170","186","8:42","6:21","2","12","0.69","0.0","0.0","0","0.0","0","0","0.0","0.0","0","0","0","0:00","29.0","0:00","No","04:52.64","8","31.0","01:04:50","01:04:52","26","34"
Yoga,2023-06-03 06:34:14,false,"Yoga","0.00","80","00:16:04","111","133","0.7","--","--","--","--","--","--","0.00","0.0","0.0","0","0.0","0","0","0.0","0.0","0","0","0","0:00","32.0","0:00","No","16:04.15","1","33.0","00:00:00","00:16:04","--","--"
Running,2023-06-03 04:53:41,false,"Quan Hai Chau Running","10.50","627","01:34:47","147","167","2.6","172","184","9:02","6:41","2","13","0.64","0.0","0.0","0","0.0","0","0","0.0","0.0","0","0","0","0:00","30.0","0:00","No","06:01.69","11","33.0","01:34:44","01:34:47","23","34"
Cycling,2023-06-01 18:03:50,false,"Quan Hai Chau Cycling","7.75","117","00:21:57","113","134","1.4","--","--","21.2","28.4","2","9","0.00","0.0","0.0","0","0.0","0","0","0.0","0.0","0","0","0","0:00","32.0","0:00","No","07:32.34","2","33.0","00:21:42","00:24:17","-8","--"
Cycling,2023-06-01 07:24:17,false,"Quan Thanh Khe Cycling","7.62","176","00:21:54","138","157","2.9","--","--","20.9","30.1","6","3","0.00","0.0","0.0","0","0.0","0","0","0.0","0.0","0","0","0","0:00","31.0","0:00","No","08:00.24","2","36.0","00:21:50","00:22:04","-1","4"
Running,2023-06-01 05:16:16,false,"Quan Hai Chau Running","7.48","457","01:04:55","148","177","3.1","171","188","8:41","5:48","3","14","0.68","0.0","0.0","0","0.0","0","0","0.0","0.0","0","0","0","0:00","30.0","0:00","No","04:46.78","8","32.0","01:04:53","01:04:55","20","34"
Cycling,2023-05-31 19:21:14,false,"Quan Hai Chau Cycling","7.69","126","00:21:25","118","138","2.0","--","--","21.6","29.8","5","8","0.00","0.0","0.0","0","0.0","0","0","0.0","0.0","0","0","0","0:00","30.0","0:00","No","07:33.12","2","31.0","00:21:02","00:21:58","11","15"
Cycling,2023-05-31 07:19:46,false,"Quan Thanh Khe Cycling","7.63","145","00:21:06","127","140","2.3","--","--","21.7","28.7","5","7","0.00","0.0","0.0","0","0.0","0","0","0.0","0.0","0","0","0","0:00","31.0","0:00","No","07:22.61","2","35.0","00:20:51","00:21:06","13","19"
Running,2023-05-30 05:21:08,false,"Quan Hai Chau Running","5.20","325","00:44:15","149","173","3.2","171","186","8:30","6:03","2","10","0.70","0.0","0.0","0","0.0","0","0","0.0","0.0","0","0","0","0:00","30.0","0:00","No","02:25.75","6","31.0","00:44:12","00:44:15","25","34"
Cycling,2023-05-29 18:24:26,false,"Quan Hai Chau Cycling","7.75","118","00:21:59","114","132","1.7","--","--","21.1","27.5","4","10","0.00","0.0","0.0","0","0.0","0","0","0.0","0.0","0","0","0","0:00","31.0","0:00","No","07:30.89","2","32.0","00:21:51","00:22:18","6","12"
Cycling,2023-05-29 07:21:39,false,"Quan Thanh Khe Cycling","7.60","146","00:21:41","126","140","2.3","--","--","21.0","28.4","2","3","0.00","0.0","0.0","0","0.0","0","0","0.0","0.0","0","0","0","0:00","30.0","0:00","No","07:48.42","2","31.0","00:21:12","00:22:45","9","14"
Running,2023-05-26 05:22:00,false,"Quan Thanh Khe Running","5.17","315","00:43:32","145","168","3.3","171","188","8:25","6:44","2","11","0.71","0.0","0.0","0","0.0","0","0","0.0","0.0","0","0","0","0:00","29.0","0:00","No","02:12.40","6","31.0","00:43:31","00:43:32","24","34"
Yoga,2023-05-24 06:09:40,false,"Yoga","0.00","62","00:12:15","111","134","1.0","--","--","--","--","--","--","0.00","0.0","0.0","0","0.0","0","0","0.0","0.0","0","0","0","0:00","31.0","0:00","No","12:14.95","1","33.0","00:00:00","00:12:15","--","--"
Running,2023-05-24 05:22:05,false,"Quan Thanh Khe Running","5.18","316","00:42:50","145","169","3.5","173","188","8:16","0:47","3","8","0.71","0.0","0.0","0","0.0","0","0","0.0","0.0","0","0","0","0:00","30.0","0:00","No","02:07.60","6","31.0","00:42:50","00:42:50","29","34"
Running,2023-05-23 05:20:30,false,"Quan Hai Chau Running","5.17","312","00:43:23","145","167","3.3","170","241","8:23","6:16","4","7","0.73","0.0","0.0","0","0.0","0","0","0.0","0.0","0","0","0","0:00","31.0","0:00","No","02:05.08","6","32.0","00:43:22","00:43:23","30","34"
Yoga,2023-05-20 06:57:13,false,"Yoga","0.00","83","00:15:12","116","136","1.7","--","--","--","--","--","--","0.00","0.0","0.0","0","0.0","0","0","0.0","0.0","0","0","0","0:00","32.0","0:00","No","15:11.54","1","33.0","00:00:00","00:15:12","--","--"
Running,2023-05-20 05:14:59,false,"Quan Hai Chau Running","10.14","604","01:30:59","147","168","3.3","174","182","8:59","6:37","5","18","0.64","0.0","0.0","0","0.0","0","0","0.0","0.0","0","0","0","0:00","30.0","0:00","No","01:49.35","11","32.0","01:30:56","01:30:59","22","34"
Yoga,2023-05-19 06:07:01,false,"Yoga","0.00","76","00:14:10","115","130","1.3","--","--","--","--","--","--","0.00","0.0","0.0","0","0.0","0","0","0.0","0.0","0","0","0","0:00","32.0","0:00","No","14:09.53","1","33.0","00:00:00","00:14:10","--","--"
Running,2023-05-19 05:17:56,false,"Quan Thanh Khe Running","5.18","311","00:45:14","146","167","3.2","169","182","8:44","6:47","1","10","0.68","0.0","0.0","0","0.0","0","0","0.0","0.0","0","0","0","0:00","30.0","0:00","No","02:12.66","6","32.0","00:45:12","00:45:14","24","34"
Running,2023-05-17 05:25:44,false,"Quan Hai Chau Running","5.17","317","00:46:43","147","168","3.1","170","184","9:02","6:03","1","11","0.66","0.0","0.0","0","0.0","0","0","0.0","0.0","0","0","0","0:00","31.0","0:00","No","02:04.32","6","32.0","00:46:42","00:46:43","24","34"
Yoga,2023-05-16 06:04:45,false,"Yoga","0.00","74","00:13:03","117","143","1.6","--","--","--","--","--","--","0.00","0.0","0.0","0","0.0","0","0","0.0","0.0","0","0","0","0:00","31.0","0:00","No","13:03.30","1","33.0","00:00:00","00:13:03","--","--"
Running,2023-05-16 05:06:23,false,"Quan Thanh Khe Running","6.23","385","00:58:02","146","169","3.1","159","180","9:19","6:54","5","11","0.70","0.0","0.0","0","0.0","0","0","0.0","0.0","0","0","0","0:00","29.0","0:00","No","04:18.89","7","31.0","00:57:29","00:58:02","13","23"
Running,2023-05-11 05:16:11,false,"Quan Hai Chau Running","5.07","301","00:45:35","145","160","2.7","173","180","8:59","7:25","1","8","0.64","0.0","0.0","0","0.0","0","0","0.0","0.0","0","0","0","0:00","30.0","0:00","No","00:47.57","6","31.0","00:45:33","00:45:35","25","34"
Running,2023-05-09 05:14:49,false,"Quan Thanh Khe Running","2.48","149","00:21:30","141","151","2.5","173","178","8:39","7:04","--","5","0.67","0.0","0.0","0","0.0","0","0","0.0","0.0","0","0","0","0:00","29.0","0:00","No","04:30.78","3","31.0","00:21:29","00:21:30","28","34"
Walking,2023-05-08 05:19:03,false,"Quan Thanh Khe Walking","3.05","168","00:40:47","104","128","0.8","22","154","13:23","10:31","1","10","3.61","0.0","0.0","0","0.0","0","0","0.0","0.0","0","0","0","0:00","31.0","0:00","No","00:39.39","4","33.0","00:40:29","00:40:47","-9","1"
Cycling,2023-04-25 05:07:21,false,"Quan Thanh Khe Cycling","21.97","360","01:01:47","126","161","2.4","--","--","21.3","35.2","87","98","0.00","0.0","0.0","0","0.0","0","0","0.0","0.0","0","0","0","0:00","28.0","0:00","No","05:55.73","5","32.0","01:01:16","01:15:03","-99","-61"
Cycling,2023-04-24 05:04:39,false,"Quan Thanh Khe Cycling","19.85","298","00:56:29","122","146","1.8","--","--","21.1","25.4","14","23","0.00","0.0","0.0","0","0.0","0","0","0.0","0.0","0","0","0","0:00","26.0","0:00","No","13:13.03","4","31.0","00:55:02","00:58:43","-84","-72"
Yoga,2023-04-16 10:32:06,false,"Yoga","0.00","56","00:15:10","99","117","0.2","--","--","--","--","--","--","0.00","0.0","0.0","0","0.0","0","0","0.0","0.0","0","0","0","0:00","26.0","0:00","No","15:09.91","1","28.0","00:00:00","00:15:10","--","--"
Running,2023-04-16 03:00:45,false,"Hue Running","42.44","2,719","05:53:34","165","182","4.3","166","244","8:20","6:12","80","109","0.72","0.0","0.0","0","0.0","0","0","0.0","0.0","0","0","0","0:00","27.0","0:00","No","03:23.27","43","32.0","05:53:02","05:53:34","-33","3"
Yoga,2023-04-14 06:13:38,false,"Yoga","0.00","73","00:15:33","108","141","0.4","--","--","--","--","--","--","0.00","0.0","0.0","0","0.0","0","0","0.0","0.0","0","0","0","0:00","32.0","0:00","No","15:32.89","1","33.0","00:00:00","00:15:33","--","--"
Running,2023-04-14 05:19:23,false,"Quan Thanh Khe Running","5.19","340","00:40:38","156","171","3.2","174","186","7:49","6:41","2","9","0.74","0.0","0.0","0","0.0","0","0","0.0","0.0","0","0","0","0:00","30.0","0:00","No","02:27.93","6","31.0","00:40:36","00:40:38","25","34"
Yoga,2023-04-12 06:07:53,false,"Yoga","0.00","72","00:15:18","107","127","0.4","--","--","--","--","--","--","0.00","0.0","0.0","0","0.0","0","0","0.0","0.0","0","0","0","0:00","31.0","0:00","No","15:18.48","1","32.0","00:00:00","00:15:18","--","--"
Running,2023-04-12 05:20:55,false,"Quan Thanh Khe Running","5.20","320","00:44:12","146","155","2.3","167","184","8:30","5:58","2","11","0.72","0.0","0.0","0","0.0","0","0","0.0","0.0","0","0","0","0:00","28.0","0:00","No","02:30.68","6","30.0","00:43:53","00:44:12","24","34"
Yoga,2023-04-11 06:10:48,false,"Yoga","0.00","56","00:13:30","101","122","0.3","--","--","--","--","--","--","0.00","0.0","0.0","0","0.0","0","0","0.0","0.0","0","0","0","0:00","31.0","0:00","No","13:30.41","1","32.0","00:00:00","00:13:30","--","--"
Running,2023-04-11 05:20:36,false,"Quan Thanh Khe Running","5.19","314","00:43:32","144","153","2.3","171","180","8:23","6:17","1","11","0.71","0.0","0.0","0","0.0","0","0","0.0","0.0","0","0","0","0:00","28.0","0:00","No","02:20.72","6","30.0","00:43:31","00:43:32","23","34"
Yoga,2023-04-09 07:15:09,false,"Yoga","0.00","75","00:15:20","109","128","0.5","--","--","--","--","--","--","0.00","0.0","0.0","0","0.0","0","0","0.0","0.0","0","0","0","0:00","30.0","0:00","No","15:19.54","1","31.0","00:00:00","00:15:20","--","--"
Running,2023-04-09 05:14:31,false,"Quan Thanh Khe Running","14.01","848","01:55:23","144","159","2.8","178","184","8:14","6:52","6","20","0.68","0.0","0.0","0","0.0","0","0","0.0","0.0","0","0","0","0:00","27.0","0:00","No","00:06.14","15","31.0","01:55:19","01:55:23","9","19"
Yoga,2023-04-08 06:29:30,false,"Yoga","0.00","72","00:15:16","107","124","0.4","--","--","--","--","--","--","0.00","0.0","0.0","0","0.0","0","0","0.0","0.0","0","0","0","0:00","31.0","0:00","No","15:15.85","1","32.0","00:00:00","00:15:16","--","--"
Running,2023-04-08 05:01:54,false,"Quan Hai Chau Running","9.34","566","01:18:23","148","158","2.4","172","182","8:24","6:12","1","16","0.71","0.0","0.0","0","0.0","0","0","0.0","0.0","0","0","0","0:00","29.0","0:00","No","04:11.63","10","31.0","01:18:20","01:18:23","18","33"
Yoga,2023-04-06 06:12:07,false,"Yoga","0.00","79","00:15:35","111","127","0.5","--","--","--","--","--","--","0.00","0.0","0.0","0","0.0","0","0","0.0","0.0","0","0","0","0:00","32.0","0:00","No","15:35.12","1","33.0","00:00:00","00:15:35","--","--"
Running,2023-04-06 05:08:52,false,"Quan Thanh Khe Running","7.44","463","01:00:16","150","160","2.8","172","180","8:06","6:12","5","16","0.72","0.0","0.0","0","0.0","0","0","0.0","0.0","0","0","0","0:00","29.0","0:00","No","04:56.05","8","31.0","01:00:15","01:00:16","22","34"
Yoga,2023-04-04 06:16:55,false,"Yoga","0.00","74","00:16:40","105","123","0.3","--","--","--","--","--","--","0.00","0.0","0.0","0","0.0","0","0","0.0","0.0","0","0","0","0:00","30.0","0:00","No","16:40.24","1","31.0","00:00:00","00:16:40","--","--"
Running,2023-04-04 05:15:11,false,"Quan Thanh Khe Running","7.44","467","00:58:34","150","166","3.0","175","186","7:52","6:01","4","16","0.73","0.0","0.0","0","0.0","0","0","0.0","0.0","0","0","0","0:00","27.0","0:00","No","04:58.02","8","30.0","00:58:26","00:58:34","21","33"
Yoga,2023-04-03 06:12:52,false,"Yoga","0.00","71","00:15:34","106","122","0.3","--","--","--","--","--","--","0.00","0.0","0.0","0","0.0","0","0","0.0","0.0","0","0","0","0:00","30.0","0:00","No","15:34.25","1","32.0","00:00:00","00:15:34","--","--"
Running,2023-04-03 05:10:40,false,"Quan Thanh Khe Running","7.47","465","00:58:38","148","159","3.0","174","186","7:51","5:22","3","17","0.74","0.0","0.0","0","0.0","0","0","0.0","0.0","0","0","0","0:00","27.0","0:00","No","05:12.48","8","29.0","00:58:37","00:58:38","20","34"
Yoga,2023-04-01 06:37:28,false,"Yoga","0.00","97","00:19:04","111","129","0.7","--","--","--","--","--","--","0.00","0.0","0.0","0","0.0","0","0","0.0","0.0","0","0","0","0:00","31.0","0:00","No","19:03.88","1","32.0","00:00:00","00:19:04","--","--"
Running,2023-04-01 05:12:10,false,"Quan Hai Chau Running","9.50","608","01:18:48","151","169","3.0","170","184","8:18","6:17","2","15","0.72","0.0","0.0","0","0.0","0","0","0.0","0.0","0","0","0","0:00","29.0","0:00","No","06:12.33","10","31.0","01:18:46","01:18:48","19","33"
Yoga,2023-03-31 06:00:09,false,"Yoga","0.00","71","00:15:34","105","122","0.4","--","--","--","--","--","--","0.00","0.0","0.0","0","0.0","0","0","0.0","0.0","0","0","0","0:00","30.0","0:00","No","15:33.79","1","32.0","00:00:00","00:15:34","--","--"
Running,2023-03-31 05:15:54,false,"Quan Thanh Khe Running","5.24","337","00:39:39","152","168","3.0","173","186","7:34","5:25","1","11","0.78","0.0","0.0","0","0.0","0","0","0.0","0.0","0","0","0","0:00","28.0","0:00","No","02:57.04","6","30.0","00:39:38","00:39:39","23","34"
Yoga,2023-03-29 06:10:17,false,"Yoga","0.00","65","00:15:05","103","119","0.3","--","--","--","--","--","--","0.00","0.0","0.0","0","0.0","0","0","0.0","0.0","0","0","0","0:00","29.0","0:00","No","15:05.39","1","31.0","00:00:00","00:15:05","--","--"
Running,2023-03-29 05:09:09,false,"Quan Thanh Khe Running","7.50","477","00:58:20","148","159","3.1","174","186","7:46","5:44","4","15","0.74","0.0","0.0","0","0.0","0","0","0.0","0.0","0","0","0","0:00","26.0","0:00","No","05:30.56","8","29.0","00:58:11","00:58:20","21","34"
Yoga,2023-03-28 06:14:15,false,"Yoga","0.00","73","00:15:55","106","126","0.4","--","--","--","--","--","--","0.00","0.0","0.0","0","0.0","0","0","0.0","0.0","0","0","0","0:00","30.0","0:00","No","15:55.26","1","32.0","00:00:00","00:15:55","--","--"
Running,2023-03-28 05:13:20,false,"Quan Hai Chau Running","7.53","478","00:59:09","149","163","3.1","169","184","7:51","6:23","2","16","0.77","0.0","0.0","0","0.0","0","0","0.0","0.0","0","0","0","0:00","27.0","0:00","No","06:13.71","8","30.0","00:59:06","00:59:09","20","34"
Yoga,2023-03-27 06:30:32,false,"Yoga","0.00","34","00:19:05","74","90","0.0","--","--","--","--","--","--","0.00","0.0","0.0","0","0.0","0","0","0.0","0.0","0","0","0","0:00","31.0","0:00","No","19:05.14","1","33.0","00:00:00","00:19:05","--","--"
Yoga,2023-03-26 06:47:19,false,"Yoga","0.00","80","00:16:49","108","125","0.4","--","--","--","--","--","--","0.00","0.0","0.0","0","0.0","0","0","0.0","0.0","0","0","0","0:00","31.0","0:00","No","16:48.92","1","32.0","00:00:00","00:16:49","--","--"
Running,2023-03-26 04:17:55,false,"Quan Thanh Khe Running","16.90","1,044","02:25:13","148","163","3.0","158","182","8:36","6:54","7","26","0.75","0.0","0.0","0","0.0","0","0","0.0","0.0","0","0","0","0:00","28.0","0:00","No","07:19.85","17","31.0","02:23:50","02:25:13","5","19"
Yoga,2023-03-24 06:16:54,false,"Yoga","0.00","143","00:31:12","109","140","0.6","--","--","--","--","--","--","0.00","0.0","0.0","0","0.0","0","0","0.0","0.0","0","0","0","0:00","31.0","0:00","No","31:12.03","1","33.0","00:00:00","00:31:12","--","--"
Running,2023-03-24 05:14:43,false,"Quan Thanh Khe Running","7.50","472","00:59:52","151","167","3.1","170","185","7:59","6:34","1","12","0.74","0.0","0.0","0","0.0","0","0","0.0","0.0","0","0","0","0:00","28.0","0:00","No","06:25.00","8","30.0","00:59:50","00:59:52","21","34"
Yoga,2023-03-22 06:18:09,false,"Yoga","0.00","87","00:14:48","117","130","0.8","--","--","--","--","--","--","0.00","0.0","0.0","0","0.0","0","0","0.0","0.0","0","0","0","0:00","31.0","0:00","No","14:47.68","1","33.0","00:00:00","00:14:48","--","--"
Running,2023-03-22 04:53:23,false,"Quan Thanh Khe Running","10.12","639","01:22:14","150","171","3.5","169","188","8:08","6:11","4","18","0.73","0.0","0.0","0","0.0","0","0","0.0","0.0","0","0","0","0:00","28.0","0:00","No","01:39.70","11","31.0","01:21:36","01:22:14","23","34"
Yoga,2023-03-21 21:33:41,false,"Yoga","0.00","39","00:15:02","83","101","0.1","--","--","--","--","--","--","0.00","0.0","0.0","0","0.0","0","0","0.0","0.0","0","0","0","0:00","31.0","0:00","No","15:02.44","1","32.0","00:00:00","00:15:02","--","--"
Yoga,2023-03-21 06:15:45,false,"Yoga","0.00","66","00:14:28","106","116","0.4","--","--","--","--","--","--","0.00","0.0","0.0","0","0.0","0","0","0.0","0.0","0","0","0","0:00","30.0","0:00","No","14:28.09","1","32.0","00:00:00","00:14:28","--","--"
Running,2023-03-21 04:48:57,false,"Quan Thanh Khe Running","10.11","622","01:24:08","145","158","2.8","168","180","8:20","6:59","3","14","0.72","0.0","0.0","0","0.0","0","0","0.0","0.0","0","0","0","0:00","27.0","0:00","No","01:26.29","11","30.0","01:23:34","01:24:08","23","34"
Yoga,2023-03-20 06:39:47,false,"Yoga","0.00","34","00:14:34","81","94","0.1","--","--","--","--","--","--","0.00","0.0","0.0","0","0.0","0","0","0.0","0.0","0","0","0","0:00","27.0","0:00","No","14:34.35","1","29.0","00:00:00","00:14:34","--","--"
Walking,2023-03-20 06:07:36,false,"Quan Thanh Khe Walking","2.69","144","00:30:34","93","109","0.6","109","246","11:21","8:28","1","4","0.82","0.0","0.0","0","0.0","0","0","0.0","0.0","0","0","0","0:00","27.0","0:00","No","07:35.66","3","31.0","00:30:29","00:30:34","9","14"
Yoga,2023-03-19 08:06:36,false,"Yoga","0.00","109","00:18:33","119","136","1.0","--","--","--","--","--","--","0.00","0.0","0.0","0","0.0","0","0","0.0","0.0","0","0","0","0:00","31.0","0:00","No","18:33.47","1","32.0","00:00:00","00:18:33","--","--"
Running,2023-03-19 03:45:03,false,"Quan Thanh Khe Running","28.46","1,722","04:10:06","151","164","3.2","159","188","8:47","6:44","17","42","0.73","0.0","0.0","0","0.0","0","0","0.0","0.0","0","0","0","0:00","27.0","0:00","No","05:43.99","29","31.0","04:07:59","04:10:06","4","20"
Yoga,2023-03-18 06:36:08,false,"Yoga","0.00","84","00:15:31","113","129","0.6","--","--","--","--","--","--","0.00","0.0","0.0","0","0.0","0","0","0.0","0.0","0","0","0","0:00","30.0","0:00","No","15:30.50","1","31.0","00:00:00","00:15:31","--","--"
Running,2023-03-18 05:12:08,false,"Quan Hai Chau Running","10.01","630","01:20:54","153","164","2.9","170","184","8:05","6:33","2","15","0.73","0.0","0.0","0","0.0","0","0","0.0","0.0","0","0","0","0:00","26.0","0:00","No","00:23.18","11","29.0","01:20:44","01:20:54","21","34"
Yoga,2023-03-16 05:59:16,false,"Yoga","0.00","61","00:16:43","96","119","0.2","--","--","--","--","--","--","0.00","0.0","0.0","0","0.0","0","0","0.0","0.0","0","0","0","0:00","29.0","0:00","No","16:42.90","1","31.0","00:00:00","00:16:43","--","--"
Running,2023-03-16 05:12:43,false,"Quan Thanh Khe Running","5.23","322","00:42:58","140","152","2.4","170","180","8:13","7:14","1","10","0.72","0.0","0.0","0","0.0","0","0","0.0","0.0","0","0","0","0:00","27.0","0:00","No","02:39.84","6","29.0","00:42:56","00:42:58","25","34"
Yoga,2023-03-15 06:13:16,false,"Yoga","0.00","71","00:14:42","107","120","0.4","--","--","--","--","--","--","0.00","0.0","0.0","0","0.0","0","0","0.0","0.0","0","0","0","0:00","29.0","0:00","No","14:42.46","1","31.0","00:00:00","00:14:42","--","--"
Running,2023-03-15 04:46:27,false,"Quan Hai Chau Running","10.40","664","01:18:37","151","171","3.9","176","191","7:34","5:52","4","18","0.75","0.0","0.0","0","0.0","0","0","0.0","0.0","0","0","0","0:00","25.0","0:00","No","04:40.83","11","28.0","01:18:35","01:18:37","20","34"
Yoga,2023-03-12 08:19:27,false,"Yoga","0.00","105","00:19:54","115","173","1.0","--","--","--","--","--","--","0.00","0.0","0.0","0","0.0","0","0","0.0","0.0","0","0","0","0:00","30.0","0:00","No","19:54.28","1","31.0","00:00:00","00:19:54","--","--"
Running,2023-03-12 04:41:13,false,"Quan Thanh Khe Running","25.21","1,571","03:27:00","154","166","3.4","159","190","8:13","3:04","13","40","0.78","0.0","0.0","0","0.0","0","0","0.0","0.0","0","0","0","0:00","26.0","0:00","No","02:48.20","26","31.0","03:26:43","03:27:00","1","20"
Yoga,2023-03-11 06:16:36,false,"Yoga","0.00","57","00:14:11","101","115","0.3","--","--","--","--","--","--","0.00","0.0","0.0","0","0.0","0","0","0.0","0.0","0","0","0","0:00","28.0","0:00","No","14:10.100","1","31.0","00:00:00","00:14:11","--","--"
Running,2023-03-11 05:14:39,false,"Quan Hai Chau Running","7.22","454","00:55:41","152","161","3.2","180","240","7:43","6:34","2","13","0.72","0.0","0.0","0","0.0","0","0","0.0","0.0","0","0","0","0:00","25.0","0:00","No","01:37.58","8","28.0","00:55:38","00:55:41","23","34"
Yoga,2023-03-09 06:08:26,false,"Yoga","0.00","69","00:15:21","106","121","0.4","--","--","--","--","--","--","0.00","0.0","0.0","0","0.0","0","0","0.0","0.0","0","0","0","0:00","29.0","0:00","No","15:21.43","1","31.0","00:00:00","00:15:21","--","--"
Running,2023-03-09 05:13:23,false,"Quan Thanh Khe - W05D6-Intervals","6.77","432","00:50:40","157","171","3.7","173","191","7:29","5:31","3","14","0.78","0.0","0.0","0","0.0","0","0","0.0","0.0","0","0","0","0:00","25.0","0:00","No","01:00.00","15","28.0","00:50:37","00:50:40","22","34"
Yoga,2023-03-08 06:11:29,false,"Yoga","0.00","77","00:15:31","111","129","0.5","--","--","--","--","--","--","0.00","0.0","0.0","0","0.0","0","0","0.0","0.0","0","0","0","0:00","30.0","0:00","No","15:31.47","1","31.0","00:00:00","00:15:31","--","--"
Running,2023-03-08 04:38:58,false,"Quan Thanh Khe Running","10.14","637","01:20:49","156","171","3.4","177","237","7:58","6:41","1","15","0.71","0.0","0.0","0","0.0","0","0","0.0","0.0","0","0","0","0:00","24.0","0:00","No","01:36.24","11","27.0","01:20:47","01:20:49","19","34"
Yoga,2023-03-07 06:05:54,false,"Yoga","0.00","76","00:16:32","108","128","0.4","--","--","--","--","--","--","0.00","0.0","0.0","0","0.0","0","0","0.0","0.0","0","0","0","0:00","28.0","0:00","No","16:31.68","1","31.0","00:00:00","00:16:32","--","--"
Running,2023-03-07 04:43:25,false,"Quan Thanh Khe Running","9.76","603","01:19:44","152","170","3.2","169","184","8:10","5:08","4","16","0.73","0.0","0.0","0","0.0","0","0","0.0","0.0","0","0","0","0:00","25.0","0:00","No","07:10.60","10","27.0","01:19:41","01:19:44","9","19"
Yoga,2023-03-05 06:08:26,false,"Yoga","0.00","55","00:16:13","94","110","0.2","--","--","--","--","--","--","0.00","0.0","0.0","0","0.0","0","0","0.0","0.0","0","0","0","0:00","29.0","0:00","No","16:13.02","1","30.0","00:00:00","00:16:13","--","--"
Running,2023-03-05 05:16:53,false,"Quan Thanh Khe Running","4.79","300","00:39:18","145","154","2.7","171","180","8:12","7:04","1","8","0.71","0.0","0.0","0","0.0","0","0","0.0","0.0","0","0","0","0:00","25.0","0:00","No","07:16.15","5","28.0","00:39:18","00:39:18","11","19"
Yoga,2023-03-04 06:14:01,false,"Yoga","0.00","69","00:14:29","109","136","0.4","--","--","--","--","--","--","0.00","0.0","0.0","0","0.0","0","0","0.0","0.0","0","0","0","0:00","28.0","0:00","No","14:28.75","1","31.0","00:00:00","00:14:29","--","--"
Running,2023-03-04 05:27:10,false,"Quan Hai Chau Running","5.41","344","00:43:44","155","168","3.0","167","180","8:05","6:40","2","11","0.74","0.0","0.0","0","0.0","0","0","0.0","0.0","0","0","0","0:00","26.0","0:00","No","05:15.49","6","28.0","00:43:43","00:43:44","24","34"
Yoga,2023-03-02 06:06:33,false,"Yoga","0.00","82","00:15:39","112","134","0.6","--","--","--","--","--","--","0.00","0.0","0.0","0","0.0","0","0","0.0","0.0","0","0","0","0:00","29.0","0:00","No","15:39.48","1","31.0","00:00:00","00:15:39","--","--"
Running,2023-03-02 05:09:22,false,"Quan Hai Chau Running","6.36","415","00:51:38","160","182","3.3","169","184","8:07","6:15","2","14","0.75","0.0","0.0","0","0.0","0","0","0.0","0.0","0","0","0","0:00","26.0","0:00","No","04:50.49","7","28.0","00:51:27","00:51:38","21","33"
Yoga,2023-02-28 06:15:25,false,"Yoga","0.00","64","00:15:33","102","116","0.3","--","--","--","--","--","--","0.00","0.0","0.0","0","0.0","0","0","0.0","0.0","0","0","0","0:00","28.0","0:00","No","15:32.70","1","30.0","00:00:00","00:15:33","--","--"
Running,2023-02-28 05:14:25,false,"Quan Thanh Khe Running","6.48","403","00:54:42","145","167","3.0","165","186","8:27","5:41","1","11","0.72","0.0","0.0","0","0.0","0","0","0.0","0.0","0","0","0","0:00","24.0","0:00","No","06:11.50","7","28.0","00:54:41","00:54:42","2","13"
Yoga,2023-02-26 07:46:10,false,"Yoga","0.00","100","00:17:02","117","131","0.9","--","--","--","--","--","--","0.00","0.0","0.0","0","0.0","0","0","0.0","0.0","0","0","0","0:00","28.0","0:00","No","17:01.61","1","29.0","00:00:00","00:17:02","--","--"
Running,2023-02-26 04:29:08,false,"Quan Thanh Khe - W16D7-Marathon","21.47","1,330","03:05:57","156","163","3.1","169","182","8:40","6:35","22","41","0.68","0.0","0.0","0","0.0","0","0","0.0","0.0","0","0","0","0:00","25.0","0:00","No","06:05.82","22","29.0","03:03:18","03:05:57","7","19"
Yoga,2023-02-23 06:07:43,false,"Yoga","0.00","54","00:15:04","94","120","0.2","--","--","--","--","--","--","0.00","0.0","0.0","0","0.0","0","0","0.0","0.0","0","0","0","0:00","28.0","0:00","No","15:03.54","1","30.0","00:00:00","00:15:04","--","--"
Running,2023-02-23 05:29:37,false,"Quan Thanh Khe - W16D4-Easy Run","4.02","247","00:33:45","145","161","2.4","166","182","8:24","5:55","1","9","0.73","0.0","0.0","0","0.0","0","0","0.0","0.0","0","0","0","0:00","25.0","0:00","No","03:44.52","5","28.0","00:33:44","00:33:45","26","34"
Yoga,2023-02-21 06:09:24,false,"Yoga","0.00","52","00:15:32","92","103","0.2","--","--","--","--","--","--","0.00","0.0","0.0","0","0.0","0","0","0.0","0.0","0","0","0","0:00","30.0","0:00","No","15:32.08","1","31.0","00:00:00","00:15:32","--","--"
Running,2023-02-21 05:17:39,false,"Quan Hai Chau - W16D2-Intervals","3.52","222","00:27:05","146","169","3.0","160","188","7:42","5:49","1","8","0.84","0.0","0.0","0","0.0","0","0","0.0","0.0","0","0","0","0:00","25.0","0:00","No","01:00.00","7","28.0","00:27:05","00:27:05","26","34"
Yoga,2023-02-19 06:43:00,false,"Yoga","0.00","76","00:16:43","107","157","0.4","--","--","--","--","--","--","0.00","0.0","0.0","0","0.0","0","0","0.0","0.0","0","0","0","0:00","31.0","0:00","No","16:43.49","1","31.0","00:00:00","00:16:43","--","--"
Running,2023-02-19 05:25:13,false,"Quan Thanh Khe - W15D7-Long Run","8.32","519","01:08:40","153","164","2.9","172","180","8:15","6:34","4","21","0.70","0.0","0.0","0","0.0","0","0","0.0","0.0","0","0","0","0:00","26.0","0:00","No","02:15.86","10","29.0","01:08:37","01:08:40","16","33"
Cycling,2023-02-18 04:37:34,false,"Quan Thanh Khe Cycling","70.82","1,383","03:08:56","140","178","4.2","--","--","22.5","31.4","79","92","0.00","0.0","0.0","0","0.0","0","0","0.0","0.0","0","0","0","0:00","24.0","0:00","No","02:52.13","15","31.0","03:08:03","04:23:16","-19","6"
Yoga,2023-02-17 06:28:34,false,"Yoga","0.00","82","00:15:56","111","138","0.6","--","--","--","--","--","--","0.00","0.0","0.0","0","0.0","0","0","0.0","0.0","0","0","0","0:00","28.0","0:00","No","15:56.05","1","31.0","00:00:00","00:15:56","--","--"
Running,2023-02-17 05:22:16,false,"Quan Hai Chau - W15D4-Threshold","7.49","507","01:02:46","157","174","3.3","171","186","8:23","5:45","1","11","0.71","0.0","0.0","0","0.0","0","0","0.0","0.0","0","0","0","0:00","25.0","0:00","No","00:44.85","10","27.0","01:02:43","01:02:46","23","34"
Cardio,2023-02-14 05:40:37,false,"Cardio","0.00","195","00:32:06","122","146","1.7","--","--","--","--","--","--","0.00","0.0","0.0","0","0.0","0","0","0.0","0.0","0","0","0","0:00","30.0","0:00","No","32:06.40","1","31.0","00:00:00","00:32:06","30","30"
Running,2023-02-14 05:11:25,false,"Quan Hai Chau - W15D2-Intervals","2.25","142","00:17:20","142","165","2.6","148","188","7:41","5:47","--","5","0.92","0.0","0.0","0","0.0","0","0","0.0","0.0","0","0","0","0:00","27.0","0:00","No","01:00.00","5","29.0","00:17:20","00:17:20","28","34"
Yoga,2023-02-12 06:40:59,false,"Yoga","0.00","87","00:16:36","112","124","0.6","--","--","--","--","--","--","0.00","0.0","0.0","0","0.0","0","0","0.0","0.0","0","0","0","0:00","30.0","0:00","No","16:35.90","1","32.0","00:00:00","00:16:36","--","--"
Running,2023-02-12 04:35:43,false,"Quan Thanh Khe - W14D7-Long Run","14.62","914","02:02:41","150","164","3.0","168","182","8:24","6:43","7","24","0.71","0.0","0.0","0","0.0","0","0","0.0","0.0","0","0","0","0:00","26.0","0:00","No","01:38.72","17","30.0","02:02:03","02:02:41","14","31"
Yoga,2023-02-11 06:09:18,false,"Yoga","0.00","55","00:15:06","95","115","0.2","--","--","--","--","--","--","0.00","0.0","0.0","0","0.0","0","0","0.0","0.0","0","0","0","0:00","31.0","0:00","No","15:05.54","1","32.0","00:00:00","00:15:06","--","--"
Running,2023-02-11 05:09:52,false,"Quan Hai Chau - W14D6-Easy Run","5.38","329","00:45:01","143","153","2.4","165","180","8:22","6:23","--","11","0.74","0.0","0.0","0","0.0","0","0","0.0","0.0","0","0","0","0:00","27.0","0:00","No","00:07.61","7","29.0","00:44:59","00:45:01","23","34"
Cycling,2023-02-09 05:09:36,false,"Quan Thanh Khe Cycling","20.58","296","00:57:15","116","133","1.3","--","--","21.6","29.9","14","22","0.00","0.0","0.0","0","0.0","0","0","0.0","0.0","0","0","0","0:00","27.0","0:00","No","01:58.86","5","31.0","00:57:05","00:57:48","-1","7"
Yoga,2023-02-08 06:10:19,false,"Yoga","0.00","73","00:13:58","111","140","0.6","--","--","--","--","--","--","0.00","0.0","0.0","0","0.0","0","0","0.0","0.0","0","0","0","0:00","31.0","0:00","No","13:57.92","1","32.0","00:00:00","00:13:58","--","--"
Running,2023-02-08 05:11:52,false,"Quan Hai Chau - W14D3-Intervals","6.84","461","00:53:01","156","173","3.8","160","186","7:45","5:52","1","13","0.83","0.0","0.0","0","0.0","0","0","0.0","0.0","0","0","0","0:00","27.0","0:00","No","00:44.36","15","30.0","00:52:57","00:53:01","21","34"
Yoga,2023-02-07 06:07:01,false,"Yoga","0.00","56","00:13:23","102","129","0.3","--","--","--","--","--","--","0.00","0.0","0.0","0","0.0","0","0","0.0","0.0","0","0","0","0:00","30.0","0:00","No","13:23.37","1","31.0","00:00:00","00:13:23","--","--"
Running,2023-02-07 05:10:32,false,"Quan Hai Chau - W14D2-Easy Run","5.92","358","00:50:18","144","154","2.4","165","180","8:30","6:17","--","11","0.72","0.0","0.0","0","0.0","0","0","0.0","0.0","0","0","0","0:00","27.0","0:00","No","04:32.38","7","29.0","00:50:17","00:50:18","22","34"
Cycling,2023-02-04 05:05:45,false,"Quan Thanh Khe Cycling","51.91","1,050","02:23:53","141","172","4.1","--","--","21.6","38.6","206","217","0.00","0.0","0.0","0","0.0","0","0","0.0","0.0","0","0","0","0:00","25.0","0:00","No","04:48.95","13","32.0","02:22:16","04:10:26","-93","-45"
Yoga,2023-01-26 06:37:33,false,"Yoga","0.00","66","00:15:42","102","127","0.3","--","--","--","--","--","--","0.00","0.0","0.0","0","0.0","0","0","0.0","0.0","0","0","0","0:00","26.0","0:00","No","15:41.54","1","29.0","00:00:00","00:15:42","--","--"
Running,2023-01-26 05:43:21,false,"Quan Thanh Khe - W12D2-Easy Run","5.79","353","00:50:01","144","152","2.2","166","182","8:38","7:09","2","8","0.70","0.0","0.0","0","0.0","0","0","0.0","0.0","0","0","0","0:00","23.0","0:00","No","03:17.37","7","26.0","00:49:55","00:50:01","-31","-23"
Yoga,2023-01-25 06:44:38,false,"Yoga","0.00","77","00:17:58","103","114","0.3","--","--","--","--","--","--","0.00","0.0","0.0","0","0.0","0","0","0.0","0.0","0","0","0","0:00","25.0","0:00","No","17:58.09","1","28.0","00:00:00","00:17:58","--","--"
Running,2023-01-25 05:23:58,false,"Quan Thanh Khe - W12D3-Intervals","9.72","621","01:16:00","152","169","4.0","175","191","7:49","5:57","5","18","0.73","0.0","0.0","0","0.0","0","0","0.0","0.0","0","0","0","0:00","21.0","0:00","No","01:18.37","17","25.0","01:15:42","01:16:00","-27","-14"
Cycling,2023-01-23 04:44:19,false,"Quan Thanh Khe Cycling","72.17","1,244","03:29:08","129","162","3.1","--","--","20.7","29.8","101","119","0.00","0.0","0.0","0","0.0","0","0","0.0","0.0","0","0","0","0:00","25.0","0:00","No","00:16.55","16","30.0","03:28:03","04:34:33","-17","14"
Yoga,2023-01-22 07:26:11,false,"Yoga","0.00","110","00:20:42","113","136","0.8","--","--","--","--","--","--","0.00","0.0","0.0","0","0.0","0","0","0.0","0.0","0","0","0","0:00","28.0","0:00","No","20:42.02","1","30.0","00:00:00","00:20:42","--","--"
Running,2023-01-22 04:10:43,false,"Quan Thanh Khe - W11D7-Long Run","21.47","1,341","03:05:07","149","164","3.2","170","188","8:37","6:44","13","30","0.69","0.0","0.0","0","0.0","0","0","0.0","0.0","0","0","0","0:00","24.0","0:00","No","05:06.82","23","28.0","03:00:34","03:05:07","18","31"
Yoga,2023-01-21 06:26:30,false,"Yoga","0.00","84","00:28:59","87","131","0.3","--","--","--","--","--","--","0.00","0.0","0.0","0","0.0","0","0","0.0","0.0","0","0","0","0:00","27.0","0:00","No","28:59.36","1","29.0","00:00:00","00:28:59","--","--"
Running,2023-01-21 05:34:39,false,"Quan Hai Chau - W11D6-Easy Run","4.48","277","00:37:49","141","158","2.5","165","188","8:26","6:33","--","8","0.73","0.0","0.0","0","0.0","0","0","0.0","0.0","0","0","0","0:00","25.0","0:00","No","07:09.07","5","27.0","00:37:48","00:37:49","25","34"
Yoga,2023-01-19 06:22:05,false,"Yoga","0.00","58","00:15:23","96","118","0.2","--","--","--","--","--","--","0.00","0.0","0.0","0","0.0","0","0","0.0","0.0","0","0","0","0:00","28.0","0:00","No","15:22.68","1","29.0","00:00:00","00:15:23","--","--"
Running,2023-01-19 05:21:22,false,"Quan Hai Chau - W11D4-Easy Run","6.26","386","00:51:01","143","153","2.8","174","188","8:09","6:27","1","15","0.71","0.0","0.0","0","0.0","0","0","0.0","0.0","0","0","0","0:00","24.0","0:00","No","06:01.37","7","26.0","00:50:59","00:51:01","18","34"
Yoga,2023-01-18 06:14:07,false,"Yoga","0.00","74","00:17:19","103","122","0.4","--","--","--","--","--","--","0.00","0.0","0.0","0","0.0","0","0","0.0","0.0","0","0","0","0:00","28.0","0:00","No","17:19.03","1","30.0","00:00:00","00:17:19","--","--"
Running,2023-01-18 05:15:36,false,"Quan Thanh Khe - W11D3-Intervals","6.56","424","00:50:26","153","172","3.9","168","190","7:41","5:52","1","14","0.77","0.0","0.0","0","0.0","0","0","0.0","0.0","0","0","0","0:00","24.0","0:00","No","02:00.00","11","28.0","00:50:24","00:50:26","10","24"
Yoga,2023-01-14 07:30:06,false,"Yoga","0.00","98","00:18:19","114","136","0.8","--","--","--","--","--","--","0.00","0.0","0.0","0","0.0","0","0","0.0","0.0","0","0","0","0:00","29.0","0:00","No","18:18.87","1","30.0","00:00:00","00:18:19","--","--"
Running,2023-01-14 04:16:03,false,"Quan Thanh Khe - W10D7-Half Marat","21.39","1,352","03:00:47","157","169","3.2","169","186","8:27","6:35","14","31","0.71","0.0","0.0","0","0.0","0","0","0.0","0.0","0","0","0","0:00","25.0","0:00","No","00:40.80","23","28.0","02:56:44","03:00:47","-4","13"
Yoga,2023-01-12 06:04:15,false,"Yoga","0.00","69","00:16:33","103","119","0.3","--","--","--","--","--","--","0.00","0.0","0.0","0","0.0","0","0","0.0","0.0","0","0","0","0:00","29.0","0:00","No","16:32.74","1","30.0","00:00:00","00:16:33","--","--"
Running,2023-01-12 05:15:01,false,"Quan Thanh Khe - W10D4-Threshold","5.38","337","00:45:27","147","171","3.2","161","190","8:27","5:46","4","9","0.74","0.0","0.0","0","0.0","0","0","0.0","0.0","0","0","0","0:00","26.0","0:00","No","00:47.84","7","29.0","00:45:19","00:45:27","-7","2"
Yoga,2023-01-11 06:11:52,false,"Yoga","0.00","45","00:13:35","93","112","0.2","--","--","--","--","--","--","0.00","0.0","0.0","0","0.0","0","0","0.0","0.0","0","0","0","0:00","28.0","0:00","No","13:34.71","1","29.0","00:00:00","00:13:35","--","--"
Running,2023-01-11 05:31:01,false,"Quan Thanh Khe - W10D3-Easy Run","4.21","261","00:34:58","140","152","2.7","165","187","8:18","6:02","3","9","0.75","0.0","0.0","0","0.0","0","0","0.0","0.0","0","0","0","0:00","25.0","0:00","No","04:58.24","5","28.0","00:34:55","00:34:58","-139","-131"
Yoga,2023-01-10 06:08:16,false,"Yoga","0.00","72","00:16:57","105","130","0.4","--","--","--","--","--","--","0.00","0.0","0.0","0","0.0","0","0","0.0","0.0","0","0","0","0:00","29.0","0:00","No","16:56.89","1","30.0","00:00:00","00:16:57","--","--"
Running,2023-01-10 05:17:12,false,"Quan Thanh Khe - W10D2-Intervals","5.11","316","00:40:34","147","172","3.3","162","191","7:56","5:30","3","8","0.80","0.0","0.0","0","0.0","0","0","0.0","0.0","0","0","0","0:00","25.0","0:00","No","01:30.00","13","28.0","00:39:50","00:40:34","-118","-112"
Yoga,2023-01-08 07:33:14,false,"Yoga","0.00","59","00:16:16","98","109","0.2","--","--","--","--","--","--","0.00","0.0","0.0","0","0.0","0","0","0.0","0.0","0","0","0","0:00","27.0","0:00","No","16:15.76","1","28.0","00:00:00","00:16:16","--","--"
Running,2023-01-08 05:13:56,false,"Quan Thanh Khe - W09D7-Long Run","10.90","659","01:37:16","150","164","2.5","169","180","8:56","7:04","5","13","0.67","0.0","0.0","0","0.0","0","0","0.0","0.0","0","0","0","0:00","24.0","0:00","No","04:54.94","12","27.0","01:37:05","01:37:16","-125","-106"
Yoga,2023-01-07 06:28:40,false,"Yoga","0.00","59","00:19:00","91","122","0.2","--","--","--","--","--","--","0.00","0.0","0.0","0","0.0","0","0","0.0","0.0","0","0","0","0:00","29.0","0:00","No","18:59.92","1","29.0","00:00:00","00:19:00","--","--"
Running,2023-01-07 05:20:15,false,"Quan Thanh Khe - W09D6-Easy Run","5.34","325","00:49:13","143","156","2.2","163","246","9:13","6:51","2","10","0.67","0.0","0.0","0","0.0","0","0","0.0","0.0","0","0","0","0:00","24.0","0:00","No","05:45.06","6","28.0","00:49:05","00:49:13","-131","-121"
Yoga,2023-01-06 06:05:16,false,"Yoga","0.00","65","00:16:09","101","119","0.3","--","--","--","--","--","--","0.00","0.0","0.0","0","0.0","0","0","0.0","0.0","0","0","0","0:00","28.0","0:00","No","16:09.43","1","29.0","00:00:00","00:16:09","--","--"
Running,2023-01-06 05:15:39,false,"Quan Thanh Khe - W09D4a-Recovery","4.91","302","00:44:32","142","155","2.2","159","185","9:05","7:00","1","9","0.71","0.0","0.0","0","0.0","0","0","0.0","0.0","0","0","0","0:00","25.0","0:00","No","04:32.06","6","28.0","00:44:30","00:44:32","-124","-115"
Cardio,2023-01-03 05:36:56,false,"Cardio","0.00","239","00:42:05","120","158","2.1","--","--","--","--","--","--","0.00","0.0","0.0","0","0.0","0","0","0.0","0.0","0","0","0","0:00","26.0","0:00","No","42:04.61","1","29.0","00:00:00","00:42:05","-92","-92"
Yoga,2022-12-27 05:56:56,false,"Yoga","0.00","77","00:18:31","103","120","0.4","--","--","--","--","--","--","0.00","0.0","0.0","0","0.0","0","0","0.0","0.0","0","0","0","0:00","29.0","0:00","No","18:30.93","1","30.0","00:00:00","00:18:31","--","--"
Running,2022-12-27 04:59:10,false,"Quan Thanh Khe - W08D2-Intervals","6.11","399","00:48:33","154","172","3.6","157","191","7:57","5:50","3","12","0.82","0.0","0.0","0","0.0","0","0","0.0","0.0","0","0","0","0:00","24.0","0:00","No","00:33.88","12","27.0","00:47:50","00:48:33","-60","-49"
Yoga,2022-12-25 21:39:18,false,"Yoga","0.00","23","00:18:12","66","88","0.0","--","--","--","--","--","--","0.00","0.0","0.0","0","0.0","0","0","0.0","0.0","0","0","0","0:00","30.0","0:00","No","18:12.02","1","30.0","00:00:00","00:18:12","--","--"
Yoga,2022-12-25 07:43:29,false,"Yoga","0.00","63","00:16:05","101","113","0.3","--","--","--","--","--","--","0.00","0.0","0.0","0","0.0","0","0","0.0","0.0","0","0","0","0:00","27.0","0:00","No","16:04.52","1","28.0","00:00:00","00:16:05","--","--"
Running,2022-12-25 05:01:29,false,"Quan Thanh Khe - W07D7-Long Run","17.63","1,081","02:34:57","144","152","2.7","169","185","8:47","6:30","6","29","0.68","0.0","0.0","0","0.0","0","0","0.0","0.0","0","0","0","0:00","24.0","0:00","No","03:36.69","19","29.0","02:32:15","02:34:57","-47","-35"
Yoga,2022-12-24 06:14:20,false,"Yoga","0.00","70","00:17:50","101","135","0.3","--","--","--","--","--","--","0.00","0.0","0.0","0","0.0","0","0","0.0","0.0","0","0","0","0:00","29.0","0:00","No","17:49.51","1","30.0","00:00:00","00:17:50","--","--"
Running,2022-12-24 05:20:33,false,"Quan Thanh Khe - W07D5-Intervals","5.70","371","00:45:05","150","170","3.7","156","190","7:55","5:55","2","11","0.82","0.0","0.0","0","0.0","0","0","0.0","0.0","0","0","0","0:00","24.0","0:00","No","01:01.22","11","28.0","00:45:01","00:45:05","-34","-22"
Yoga,2022-12-22 06:18:52,false,"Yoga","0.00","56","00:18:40","90","102","0.2","--","--","--","--","--","--","0.00","0.0","0.0","0","0.0","0","0","0.0","0.0","0","0","0","0:00","27.0","0:00","No","18:40.23","1","29.0","00:00:00","00:18:40","--","--"
Running,2022-12-22 05:22:34,false,"Quan Hai Chau - W07D4-Easy Run","5.60","341","00:48:09","139","153","2.7","166","182","8:36","7:00","1","10","0.70","0.0","0.0","0","0.0","0","0","0.0","0.0","0","0","0","0:00","24.0","0:00","No","07:45.25","6","27.0","00:48:08","00:48:09","-19","-7"
Yoga,2022-12-21 06:09:44,false,"Yoga","0.00","88","00:18:38","110","127","0.5","--","--","--","--","--","--","0.00","0.0","0.0","0","0.0","0","0","0.0","0.0","0","0","0","0:00","28.0","0:00","No","18:37.56","1","30.0","00:00:00","00:18:38","--","--"
Running,2022-12-21 04:58:21,false,"Quan Thanh Khe - W07D3-Intervals","8.54","545","01:06:38","153","170","4.0","162","190","7:48","6:00","7","15","0.80","0.0","0.0","0","0.0","0","0","0.0","0.0","0","0","0","0:00","25.0","0:00","No","01:19.41","15","29.0","01:06:27","01:06:38","-56","-45"
Yoga,2022-12-20 22:01:51,false,"Yoga","0.00","25","00:15:40","72","91","0.0","--","--","--","--","--","--","0.00","0.0","0.0","0","0.0","0","0","0.0","0.0","0","0","0","0:00","29.0","0:00","No","15:40.13","1","29.0","00:00:00","00:15:40","--","--"
Cardio,2022-12-20 17:43:21,false,"Cardio","0.00","107","00:28:10","99","161","1.0","--","--","--","--","--","--","0.00","0.0","0.0","0","0.0","0","0","0.0","0.0","0","0","0","0:00","26.0","0:00","No","28:09.72","1","28.0","00:00:00","00:28:10","-39","-39"
Yoga,2022-12-19 21:44:43,false,"Yoga","0.00","25","00:17:56","69","89","0.0","--","--","--","--","--","--","0.00","0.0","0.0","0","0.0","0","0","0.0","0.0","0","0","0","0:00","28.0","0:00","No","07:15.17","2","29.0","00:00:00","00:18:02","--","--"
Yoga,2022-12-18 21:55:18,false,"Yoga","0.00","40","00:19:21","79","103","0.1","--","--","--","--","--","--","0.00","0.0","0.0","0","0.0","0","0","0.0","0.0","0","0","0","0:00","28.0","0:00","No","19:20.51","1","30.0","00:00:00","00:19:21","--","--"
Running,2022-12-18 08:10:38,false,"Quan Thanh Khe - W06D7-Long Run","14.79","893","02:25:21","147","164","2.2","160","184","9:50","7:07","44","43","0.64","0.0","0.0","0","0.0","0","0","0.0","0.0","0","0","0","0:00","24.0","0:00","No","08:32.51","15","27.0","02:23:15","02:25:21","-66","-58"
Yoga,2022-12-17 08:07:59,false,"Yoga","0.00","54","00:21:35","84","113","0.1","--","--","--","--","--","--","0.00","0.0","0.0","0","0.0","0","0","0.0","0.0","0","0","0","0:00","29.0","0:00","No","21:34.94","1","30.0","00:00:00","00:21:35","--","--"
Yoga,2022-12-16 20:31:11,false,"Yoga","0.00","94","00:20:05","109","136","0.5","--","--","--","--","--","--","0.00","0.0","0.0","0","0.0","0","0","0.0","0.0","0","0","0","0:00","31.0","0:00","No","20:05.28","1","31.0","00:00:00","00:20:05","--","--"
Running,2022-12-16 19:31:42,false,"Quan Thanh Khe - W06D6-Intervals","6.77","447","00:56:09","157","171","3.6","163","188","8:18","6:07","2","12","0.74","0.0","0.0","0","0.0","0","0","0.0","0.0","0","0","0","0:00","26.0","0:00","No","01:30.00","12","31.0","00:55:46","00:56:09","-46","-41"
Yoga,2022-12-15 20:56:37,false,"Yoga","0.00","38","00:22:13","74","92","0.0","--","--","--","--","--","--","0.00","0.0","0.0","0","0.0","0","0","0.0","0.0","0","0","0","0:00","30.0","0:00","No","22:12.82","1","31.0","00:00:00","00:22:13","--","--"
Yoga,2022-12-15 05:52:47,false,"Yoga","0.00","91","00:18:59","109","125","0.5","--","--","--","--","--","--","0.00","0.0","0.0","0","0.0","0","0","0.0","0.0","0","0","0","0:00","28.0","0:00","No","18:59.25","1","29.0","00:00:00","00:18:59","--","--"
Running,2022-12-15 05:02:28,false,"Quan Thanh Khe - W06D4-Intervals","5.39","347","00:46:12","151","174","3.2","155","188","8:34","6:00","4","8","0.76","0.0","0.0","0","0.0","0","0","0.0","0.0","0","0","0","0:00","25.0","0:00","No","01:30.00","13","29.0","00:45:56","00:46:12","-41","-33"
Running,2022-12-14 05:30:46,false,"Quan Thanh Khe - W06D3a-Recovery","3.91","243","00:32:33","141","150","2.5","173","182","8:20","7:25","1","5","0.69","0.0","0.0","0","0.0","0","0","0.0","0.0","0","0","0","0:00","25.0","0:00","No","02:32.94","5","29.0","00:32:32","00:32:33","-28","-21"
Yoga,2022-12-13 06:14:34,false,"Yoga","0.00","95","00:19:52","110","131","0.6","--","--","--","--","--","--","0.00","0.0","0.0","0","0.0","0","0","0.0","0.0","0","0","0","0:00","28.0","0:00","No","19:51.91","1","30.0","00:00:00","00:19:52","--","--"
Running,2022-12-13 05:19:22,false,"Quan Thanh Khe - W06D2-Intervals","6.34","413","00:50:09","154","172","4.0","157","190","7:55","6:02","4","13","0.82","0.0","0.0","0","0.0","0","0","0.0","0.0","0","0","0","0:00","25.0","0:00","No","00:53.48","12","29.0","00:49:54","00:50:09","-10","1"
Yoga,2022-12-11 15:23:47,false,"Yoga","0.00","60","00:15:14","102","128","0.3","--","--","--","--","--","--","0.00","0.0","0.0","0","0.0","0","0","0.0","0.0","0","0","0","0:00","28.0","0:00","No","15:14.20","1","29.0","00:00:00","00:15:34","--","--"
Running,2022-12-11 13:21:33,false,"Quan Thanh Khe - W05D7-Long Run","10.20","617","01:33:03","148","157","2.3","169","241","9:07","7:10","2","3","0.65","0.0","0.0","0","0.0","0","0","0.0","0.0","0","0","0","0:00","26.0","0:00","No","03:03.29","11","29.0","01:32:19","01:33:03","-30","-26"
Yoga,2022-12-10 06:29:58,false,"Yoga","0.00","82","00:18:35","106","120","0.4","--","--","--","--","--","--","0.00","0.0","0.0","0","0.0","0","0","0.0","0.0","0","0","0","0:00","30.0","0:00","No","18:34.89","1","31.0","00:00:00","00:18:35","--","--"
Running,2022-12-10 05:24:34,false,"Quan Thanh Khe - W05D6-Intervals","6.05","399","00:50:28","153","171","3.6","159","192","8:21","6:01","4","12","0.76","0.0","0.0","0","0.0","0","0","0.0","0.0","0","0","0","0:00","26.0","0:00","No","00:06.24","15","29.0","00:50:04","00:50:28","-27","-17"
Yoga,2022-12-07 06:08:35,false,"Yoga","0.00","72","00:20:11","98","113","0.3","--","--","--","--","--","--","0.00","0.0","0.0","0","0.0","0","0","0.0","0.0","0","0","0","0:00","27.0","0:00","No","20:11.38","1","30.0","00:00:00","00:20:11","--","--"
Running,2022-12-07 05:20:31,false,"Quan Hai Chau - W05D3a-Recovery","5.10","309","00:43:33","145","153","2.5","171","185","8:33","6:13","1","11","0.70","0.0","0.0","0","0.0","0","0","0.0","0.0","0","0","0","0:00","24.0","0:00","No","04:39.39","6","27.0","00:43:31","00:43:33","22","34"
Yoga,2022-12-06 06:05:18,false,"Yoga","0.00","88","00:17:29","112","126","0.6","--","--","--","--","--","--","0.00","0.0","0.0","0","0.0","0","0","0.0","0.0","0","0","0","0:00","30.0","0:00","No","17:29.43","1","32.0","00:00:00","00:17:29","--","--"
